<?xml version="1.0" encoding="UTF-8"?>
<beans xmlns="http://www.springframework.org/schema/beans"
       xmlns:xsi="http://www.w3.org/2001/XMLSchema-instance" xmlns:mvc="http://www.springframework.org/schema/mvc"
       xmlns:context="http://www.springframework.org/schema/context" xmlns:tx="http://www.springframework.org/schema/tx"
       xsi:schemaLocation="http://www.springframework.org/schema/beans
        http://www.springframework.org/schema/beans/spring-beans-3.0.xsd
        http://www.springframework.org/schema/context
        http://www.springframework.org/schema/context/spring-context-3.0.xsd
        http://www.springframework.org/schema/mvc
        http://www.springframework.org/schema/mvc/spring-mvc-3.0.xsd http://www.springframework.org/schema/tx http://www.springframework.org/schema/tx/spring-tx.xsd">

    <context:component-scan base-package="
    com.zufar.repository,
    com.zufar.controller,
    com.zufar.service,
    com.zufar.populator,
    com.zufar.config"/>

    <mvc:annotation-driven/>

    <bean id="sessionFactory" class="org.springframework.orm.hibernate5.LocalSessionFactoryBean">
        <property name="dataSource" ref="dataSource"/>
        <property name="packagesToScan" value="com.zufar.domain"/>
        <property name="hibernateProperties">
            <props>
                <prop key="hibernate.hbm2ddl.auto">create</prop>
                <prop key="hibernate.dialect">org.hibernate.dialect.HSQLDialect</prop>
                <prop key="show_sql">true</prop>
            </props>
        </property>
    </bean>

    <bean id="dataSource" class="org.springframework.jdbc.datasource.DriverManagerDataSource">
        <property name="driverClassName" value="org.hsqldb.jdbc.JDBCDriver"/>
        <property name="url" value="jdbc:hsqldb:file:db"/>
        <property name="username" value="SA"/>
        <property name="password" value=""/>
    </bean>

    <bean id="transactionManager" class="org.springframework.orm.hibernate5.HibernateTransactionManager">
        <property name="sessionFactory" ref="sessionFactory"/>
    </bean>

    <tx:annotation-driven/>
    <mvc:resources mapping="/resources/**" location="/resources/"/>

    <!--    <bean id="viewResolver" class="org.springframework.web.servlet.view.UrlBasedViewResolver">
            <property name="viewClass" value="org.springframework.web.servlet.view.JstlView"/>
            <property name="prefix" value="/WEB-INF/pages/"/>
            <property name="suffix" value=".jsp"/>
        </bean>-->

</beans>